epoch,score
0.0,0.06392107987879851
1.0,0.14978631365735603
2.0,0.1428354892686993
3.0,0.1329275266022291
4.0,0.13077460896837098
5.0,0.13106286121016852
6.0,0.13017298383280898
7.0,0.1274905114660065
8.0,0.12788448186565926
9.0,0.12841641231250817
10.0,0.125300498888333
11.0,0.12423947658865911
12.0,0.12377394715911848
13.0,0.12290862556018063
14.0,0.12246745494192013
